<wpml-config>
  <custom-types>
    <custom-type translate="1">portfolio</custom-type>
    <custom-type translate="1">team-member</custom-type>
    <custom-type translate="1">testimonials</custom-type>
  </custom-types>
  <taxonomies>
    <taxonomy translate="1">projet</taxonomy>
  </taxonomies>
  <custom-fields>
    <custom-field action="translate">wd_page_show_title_area</custom-field>
    <custom-field action="translate">wd_page_show_title</custom-field>
    <custom-field action="translate">wd_page_title_position</custom-field>
    <custom-field action="translate">wd_page_title_fontsize</custom-field>
    <custom-field action="translate">_custom_php_meta_key</custom-field>
    <custom-field action="translate">job_title</custom-field>
    <custom-field action="translate">description</custom-field>
    <custom-field action="translate">team-facebook</custom-field>
    <custom-field action="translate">team-instagram</custom-field>
    <custom-field action="translate">team-twitter</custom-field>
    <custom-field action="translate">testimonail_image</custom-field>
  </custom-fields>
</wpml-config>